s_num[int],s_const[N/m],s_len[m],e_load,s_pos,rmse
6,307.2518124022456,443.80995018729783,284.57891266704314,304.3092386560743,178.71447494576648,280.7973253328264,0.27898610834393206,0.29490956179650185,0.2068658146016651,0.3406992664880185,0.24180509021458313,0.3611837481474068,5.262038214209939,0.003958881170420231,0.0039362320715007944,0.003853746385551641,0.003994657731824579,0.0037955478080509775,0.003926263195128862,12.76768250919108
5,445.407486970357,260.945764644966,202.09044071528433,233.6239620290088,249.77978196017474,0.22947011287769065,0.31026930397828134,0.16021337726625587,0.3576419582291417,0.2701146706256004,2.94115927230553,0.003963313326017673,0.003966376537249715,0.003958981937145091,-0.002604400651608845,0.003956534606273476,2.05734218564312
5,151.403151376662,388.74586407965444,176.07312910590272,323.7210197339455,196.72877372197544,0.3015080313686283,0.29278369249715464,0.15150983395609255,0.375720985433714,0.3918280091264184,6.994227904826711,0.0037842602349747803,0.0039896723977119455,0.003971189368180092,0.003962132296691596,0.003965913606968539,60.16255142513413
6,319.4156393906406,483.6256442819061,262.36452361411204,224.48097954367802,265.74531784817856,177.1573571622128,0.15129698740543288,0.1720400680268983,0.2479082639150521,0.1852119617131677,0.3558492519566897,0.36600285133791266,3.193269543555768,0.003889062809399588,0.003982842784838023,-0.0005590335491464249,0.003677589908257145,0.0005596600741013242,-0.0026059129345690313,1.0345023124840274
6,258.2197090267174,476.17643284251415,421.4565974670119,400.1728964081732,164.40139103120788,219.33539556740777,0.1907436064341558,0.34966989269046855,0.1807718944716428,0.1602924944318994,0.1676169755821359,0.3776108530727531,7.4595095859907765,0.003987652921163058,0.0038986810300118205,0.003998953983680225,0.0038625651482685763,0.00385120097137053,0.003990447751862457,17.557520309478182
6,248.78663578443707,455.90553896727374,428.57944966421366,184.2678706803961,288.9070158069497,320.14036366009344,0.22121233031128648,0.33956307760082705,0.26750658309054326,0.22740379878114175,0.21305892437118915,0.29790397852663175,9.876632324601175,0.003925218904198659,0.003998504816241657,0.003996259243304606,0.00397954681367194,0.003959920397585644,0.0039050046042214126,55.87367346983502
6,252.57967720426322,407.98301951072546,480.5345984539099,425.1270979487112,330.1432473082581,320.1281655457344,0.2969263821752719,0.3148219837769914,0.369348631442954,0.1538721526058677,0.24703519334883717,0.3898355530423884,3.860578621963348,0.003994215463031842,0.003920303318269794,-0.0027615977811794247,0.003990868650987173,0.003996107561653208,-0.0032798401024418003,2.074074311157944
5,407.51041781893485,355.9652576583715,221.31661596485569,219.2083367523375,176.99606585526092,0.16630743414813293,0.15663493337082762,0.39578285645690414,0.3813288551516434,0.3764011326335854,9.270883490835882,0.003987303231814412,0.003999583835109587,0.003996534023292527,0.003984681608211708,0.003996880667756839,70.30906789649042
6,276.8801706453613,444.1867780648699,287.5660429584839,281.4058905216017,298.4218347694902,170.8437305548892,0.35697137382443556,0.2803560659514709,0.16878463003225974,0.303348338980046,0.254550160307666,0.2774792694049031,5.082399158228511,0.0038325671807936767,0.003948676148875145,0.003947450661175498,0.003907606829557747,0.003939942577355743,0.003936389192115335,7.3551600984820125
5,337.8563965812954,432.9505296201762,336.79359001183184,219.46498509485286,230.75609128822816,0.3748166504490962,0.299476102321026,0.35934774270166936,0.35068636523908264,0.27442544935085983,9.901785517890957,0.003986157420917875,0.00388334594711748,0.003970162845758186,0.003990746441237035,0.003964604891727749,88.36771541238676
5,340.07542376347294,282.55178464791356,236.16993290360836,244.52610468305608,216.50362327127357,0.30471785502916826,0.3365072086833036,0.30169160520575355,0.39377313263636504,0.19105840007322894,9.868182116850097,0.003981840155348363,0.003980316298906126,0.003996123293443384,0.0039018159823875054,0.003981544424432917,90.99770905605816
5,190.13151750912996,179.70859379420784,296.8672137139814,230.50929343447024,307.1721706331506,0.2650720070339905,0.1647775139595064,0.2345940619947478,0.27848095866103817,0.3466679908839087,0.6237089671352514,0.0029211731273438937,0.003905647275539004,0.003788893221221469,-0.001526933710958078,-0.0006164163614225681,0.8678751708435504
5,362.6349724643576,489.2934825773733,182.5472216991628,376.31859893518424,156.73967415458796,0.24616533029519289,0.3038545187857057,0.37194172276285564,0.27555203426519814,0.26732007440709193,3.2977038609628453,0.003947338118352136,0.003959038269643288,0.002983877947895207,0.003850704736351752,0.003898192957417854,2.649590008211495
6,497.5773315249834,196.53142960177848,303.65079781800995,363.3459276407709,207.14919854911395,303.3385653722002,0.18105303107931076,0.1937788640256172,0.25433993563606755,0.2590944966026876,0.1842353245836513,0.32802167222378853,7.818719749719955,0.003974413407730289,0.003897472810809134,0.003936146711393421,0.003952158470422828,0.003964014797147394,0.0037933044953138762,23.333140863031137
5,307.3941521621847,178.24128640912699,194.31342959902335,463.39337323449104,384.0825801232687,0.3705982902379935,0.15123924888814713,0.33225003110465445,0.27476398040546113,0.22989807532477027,7.658959220975517,0.003909803867743399,0.003802134315553254,0.0038740504055495774,0.003974477763130642,0.003984665777163393,48.904407723898
6,303.12036379905715,390.6766090240133,435.6142948449636,163.8110524317831,394.65906877886937,459.96842858770196,0.1839630203453377,0.3475492022422886,0.2334630388926888,0.28419783449028724,0.2864980786140936,0.16310770813617295,6.466869926752912,0.003924080911263926,0.00374255560935582,0.003910934637112148,0.003460423464299283,0.00383297680652669,0.00395827167963693,3.1145781119183593
5,451.87137613176156,370.90519069839684,353.948615833561,339.9472434855646,381.22844081505355,0.32881338375748836,0.24502713518079922,0.3271055686547599,0.21246317727050312,0.21879600232240662,2.768603335224853,-0.0015276397720254142,0.0038387663272590835,-0.0007436532712151544,0.003975479884515778,0.003944874689759081,1.4582277972427795
6,250.6131977087745,238.3848659096679,229.9979962452851,293.8843304881115,192.55196918344453,234.07315334412402,0.15991972717416822,0.37257847309945746,0.26306469684287703,0.21298182269971253,0.19734125760684076,0.3283850239231392,8.241346490935845,0.003996030245720102,0.003988789586222186,0.0038813331558999165,0.0039849581572403234,0.003959842697435677,0.003984077358687511,54.107380819179674
5,227.9629474342022,351.40073750840696,194.28706248651883,164.9475362750389,474.294827765779,0.29388441681742317,0.17097319113295403,0.3125460377948566,0.17415701410639464,0.19224395284343435,1.8064762153560876,-0.0018510882940026598,0.003972025971395727,-0.0005074195221987221,-9.797904017682436e-05,0.0035120415048477426,0.8897545322193817
6,282.06595098920303,186.12782722238947,355.3082954179474,267.7380862273233,252.67870553919334,194.30211962296536,0.17924926202464278,0.36459192816864633,0.39224328391225627,0.3304864354122272,0.16864432447763603,0.357217440938169,8.467681994873738,0.003948208817727735,0.003828516477225501,0.003919914284720692,0.0038915172103951203,0.00396086273904501,0.003919193299378011,64.09760213572218
5,488.61188565674496,419.7420203937877,250.45829946794532,464.4376877685959,468.68662062184865,0.1676041505353592,0.1879275549237325,0.2950946429592466,0.3256017794726557,0.2373220691516479,3.2595313984537198,0.003941777220513429,0.0038944542326215304,-0.0022716228241868716,0.0003933662704357649,0.0020722532472600788,1.4687561541042933
5,173.7667671723058,320.86331464226095,493.2863882328491,436.01181475000294,258.4917660885525,0.1973187276712754,0.2858383811487695,0.1755966353291128,0.3895566885823434,0.20117392435583134,5.12514887306569,0.0039800369460918465,0.0038770549716173213,0.003957519696389178,0.003933487038608813,0.003963735156427206,6.666955176542999
6,306.76719805032883,465.5035745595237,220.67212361993717,265.7504466406223,441.65286961049674,287.794821390352,0.24878468616979724,0.2561423232632011,0.3280297836663629,0.3654040463522833,0.3835476013214645,0.17022221088678674,6.938624333208956,0.0038505680526484,0.003907604971028666,0.00388568062957009,0.00399779705786574,0.003988493916315831,0.0039661529404055,25.4792466266455
6,167.3797594694435,281.06599687916037,344.42121832020075,352.4282304369401,347.78912844335036,447.17527300544646,0.32398227557716336,0.3255029694681589,0.3228902230728557,0.35556152365957305,0.38383232083711416,0.2266466383053817,4.16727915359152,0.003795243028415366,0.003944434590244703,0.00397116253453059,0.00399279951535737,0.00395318409421609,0.0039574228103357876,3.682718965365589
6,331.1445162190541,439.5729703051913,362.24481315722414,449.3432911310971,347.4643903076826,250.18765477391017,0.3649478330391039,0.3463822152153117,0.26938032695252156,0.2880331985872868,0.37032005087262765,0.19624911847223625,9.659997154747906,0.003884086976274891,0.003953910023497173,0.003847673031181176,0.0039389780917090614,0.0038022132802155253,0.0038493213452097884,58.533940446851965
6,318.0200312542992,326.4550656154137,255.91669433906327,374.15872379623386,159.61221970833847,492.49127027367473,0.22054502662603356,0.30039246415176335,0.39874619996904315,0.22192276726877191,0.23681343537914995,0.24639937823413063,6.996344444265386,0.00398424114708062,0.0038513234058102355,0.003784939190930129,0.0039545384415175045,0.0036925244096666266,0.003991090317595144,21.1268599351163
6,399.45157563787143,325.57901718632854,166.9785454177292,415.3837234963449,158.71457667553065,176.0927649356475,0.26912450928823184,0.24981881856049565,0.2056347872692669,0.19895245459155203,0.2294112090188964,0.2865314747140981,4.311824510966292,0.0037481503651138814,0.0039677330060046865,0.0020444948292787056,0.003897683432472515,0.003979707699264438,0.0039496787283081385,2.2874669809996537
6,455.80160235621173,262.4410173809644,466.6030492277534,457.66134685566357,465.48414796837244,193.35140022164802,0.24721490968948773,0.19061381835655902,0.3177319248715922,0.268571523386644,0.29510133201239963,0.20667367954990296,7.841349218383917,0.0039894648104517,0.0039845883792209566,0.003974575749606991,0.003996706783626729,0.003929428949002527,0.003962496491189757,11.945436789300754
5,300.2981066527602,489.93600396207137,236.1794742555715,372.9375055997905,402.90480812898164,0.3479950081998473,0.24614033864748253,0.2663381356007333,0.3464256093328098,0.1897203128687722,8.044879334070199,0.003918266785523213,0.003965447264662966,0.003964535675463623,0.003989835251055159,0.003997825119308568,39.691425818626264
5,176.9021930981939,257.8010134252895,353.14117060296724,419.014552150818,361.2129076019646,0.38923775285245193,0.24984808750652737,0.303076804902906,0.30803416020924895,0.36169629030531625,9.868131015598088,0.003841259501315538,0.0039930913153197,0.003959810973270263,0.00399939641833231,0.003983685193350896,83.73549189940441
6,337.9775007101174,237.06765983626732,238.23656033558672,323.6221349841139,294.1871087026582,196.22055831036218,0.21455037772582883,0.3784584295265447,0.21372508354448794,0.15046579208217684,0.21602625267337683,0.2243621846946261,4.309755262658234,0.003987703323166095,-0.0005260124441721487,0.0038073469283937712,0.0038999498981904137,0.0036923268394866092,0.0037553553461562384,1.651256629201095
6,328.7235127635802,346.1705505682952,435.2263727190937,291.56412346468767,240.0740308436155,173.28323338917227,0.31743753988308604,0.2761997210511862,0.2552572645258462,0.2318930399499798,0.374800405762012,0.3327439511174318,7.789799380585483,0.003962967166999131,0.003990810017427704,0.0039998536817035905,0.003805184187875845,0.003902574588243718,0.003931974087700305,41.65455383478668
5,282.1003314009711,351.53844235381416,267.71040119275136,179.23966733473765,229.49442349499878,0.19064594734115567,0.3674664202373838,0.36086155049297497,0.21150270848458835,0.16510741429867765,7.514441048317046,0.003979581544246302,0.0039283434450246395,0.003914137810993916,0.003979108045966441,0.0038627694379868584,55.76508907549927
6,399.9076756147924,322.7195160463518,279.6943029746943,259.19471270714325,178.11157066291105,245.41442262226897,0.2392296105898623,0.18210518656210462,0.25443717345423356,0.36022039546800927,0.30470695482858307,0.3941526186977423,0.14072214137976102,-0.00014344197900219126,0.003944818381570788,-0.0004752808416317145,-0.00028619406346086843,0.003486683878679061,-0.0020816563188087926,0.6793872547737149
6,303.356611162942,474.1473103204443,416.35507009361794,221.7593440248766,366.02617015746625,374.0315282740214,0.28834256292122107,0.2484935764447596,0.38838106187147725,0.3184298037910125,0.394255784395805,0.16240012646197385,6.12135859212393,0.003936919725607647,0.0038962784784317786,0.0038983003785863024,0.003974971747289192,0.003974888181455875,0.003996494281341274,10.34827470831548
5,263.5376309286781,280.090319830789,364.9154924773933,240.06253417859614,408.2822357007512,0.31883875316032484,0.20797908322289416,0.3736979932499045,0.17181455132280765,0.25959498459889085,4.426315480837845,0.003954782320408228,0.003993241070835184,0.003930076268707298,0.0039859565520494675,0.0038669354078659703,7.806336358353672
6,155.61448869160526,245.31970386579673,386.7070281820063,455.9601551181326,260.56908297606594,482.82122743993256,0.2049956268221125,0.2092882987547778,0.2666224472610755,0.16805770127434544,0.39196050359859436,0.16165569734635676,0.8325346818508128,0.0030324520559188405,0.00016800994368668999,-0.00035086023729877957,0.0004282142744858347,0.0016795862436793253,0.0034157833344794775,0.6852375311323273
5,329.97536755914825,230.8706489603617,215.03630870286918,382.93486019395834,288.96034860616277,0.21692842241010707,0.2591482514818687,0.22647116201770429,0.33017709586994604,0.35851189909358916,9.632014606434243,0.003947362002751187,0.0038755263979669253,0.003942596359999527,0.003969479926417353,0.003945993940364056,77.95026020589906
5,254.3176865174525,367.6987322105186,456.1902918721286,208.81953644444198,268.8110116425978,0.1549539561961122,0.3139675744398917,0.3865312540546028,0.30715061003033156,0.24155047809398,0.8838522134491744,0.003958946386142598,-0.0015130402508755447,-0.0009747350797733523,0.003864598353710983,0.003151659524725369,0.9832900426660625
6,392.65481228390837,455.20243026012685,419.73884303992884,387.08423610423006,485.59985779563755,227.8855607901264,0.3377057974109204,0.241621405010436,0.3923776597601391,0.224303893223251,0.29759153076203504,0.2764741118440035,3.3647103702169123,-0.002204240341265522,0.00397701718334102,-0.0014608606606531754,0.003988328783667341,0.0039190506030588376,-0.00031113601340657495,2.1232844856795485
6,487.7906692293553,439.32105261330344,346.0835809189849,365.3233101329448,419.285164805841,202.13604441663722,0.275061615852653,0.21295773482462432,0.35615179911246,0.38423372963854163,0.34665094283564424,0.3803669035407837,3.8214842782382776,0.0038401240009110394,0.003991785440244881,0.0038692413270940518,0.0010130295277067725,0.003952957008310455,7.923362609621343e-05,2.9351423905794483
6,273.17762227511395,425.9048049733096,307.2300889989268,481.6335677807799,155.08226285727525,475.38039037339837,0.35406824464647146,0.38627733411696724,0.32200724876061915,0.15850536808910676,0.34430639137529806,0.26076953794190105,7.363640474747947,0.0038323255575119265,0.003844282865836569,0.003997228400469758,0.0039995542084528815,0.003916148916055763,0.003979891558943893,23.83684217711919
5,339.8390494774335,328.18225086786254,201.63118882019276,479.08247749556125,442.000950993802,0.2595988965568943,0.3050678454532815,0.3798259156838494,0.3082008660383865,0.2545274475212136,3.7371271288899854,0.00391520391975816,0.0039900216791043846,3.173641130519045e-05,0.00391565692230843,0.0039049413624073783,2.6541565356522203
5,489.34842444542625,346.37223146244696,435.9962058056319,307.3532107849761,258.45024789135505,0.26845029051081915,0.2925240393838884,0.31726719368578593,0.24546886225796877,0.3047813999136671,5.707387380723995,0.003994380582432046,0.0039722979420756645,0.003998889438297551,0.0038627300615428264,0.003947780971113351,13.637495484413282
6,401.86967102522595,167.46407482164977,168.563859400682,430.71472480414496,367.6531385968255,421.2984660742184,0.39944763026652974,0.18796312261970366,0.16386717705862416,0.1502263210540956,0.17004718683178774,0.35897380952628005,5.698344336188046,0.003982585791543275,0.0039396717927426255,0.0036520944107450394,0.003968247919859281,0.003934428267291162,0.0038670787678657605,2.945594953911883
6,468.4468171755849,319.3184796014299,249.55815453761727,243.48105107894253,335.2213855283171,372.98129753021306,0.22976897944872282,0.17805747283952109,0.30520380888143983,0.20827458561458576,0.17359174779071604,0.269349416934612,6.555009739881715,0.0038786512382541706,0.003968798250154607,0.003774533378071302,0.003998283692684865,0.003909746907788661,0.00394614917866438,2.660944216537115
6,266.0386108538768,353.88355230904045,329.59908562848636,230.34352983044897,401.85708053572046,181.17200880263084,0.2311118522034387,0.15654809193485175,0.2003639733520977,0.23284882775661098,0.3169008602370068,0.20864422560155482,5.880969274284505,0.00390904602171311,0.003983524540325311,0.003988008451669835,0.0039952585682964635,0.0038722128572261064,0.003964823945731044,3.635233686191196
5,383.5808435277752,226.49189531804745,345.65178864066854,359.6402792552245,234.04885180911916,0.1689206758609983,0.18970813549211346,0.21420056864112963,0.36211803499059014,0.1635665291121987,4.491324847992387,0.003998032961035405,0.003965476907956936,0.003962416064326224,0.003539727093271221,0.0036071264791737224,2.0628523828109206
6,357.04479864379687,172.37317199813606,209.29807924514645,268.5322406895115,329.3390042350349,279.7369843224127,0.187547785254174,0.22974838665476716,0.2773686387498674,0.28508168207499573,0.15962440010231,0.24098365832683716,0.810351530803598,0.0007542430879240258,0.003967777549964663,-7.935691950560487e-05,-0.0020922498379406847,0.003991019165612322,0.0005880949085418285,0.7085061779148699
5,348.0053306764562,471.5901944735012,299.52567382198697,200.97758587491657,396.9115638410229,0.16767267034109942,0.31222848353101446,0.30312219283909103,0.31710106913724145,0.35170121393726184,6.822992510623554,0.00392957117889603,0.0039294750539304105,0.00398651616720846,0.003662020040951091,0.003977715160941325,34.95146387310867
6,236.61227241200535,438.40507946816575,373.4079937704464,316.42243866542094,292.92908483136404,323.8402790742391,0.20017949386950057,0.23798695259513136,0.3793441204354639,0.301977405266238,0.19396736548544333,0.2102804482569975,9.227568020354395,0.003977343364978555,0.0038947426996651558,0.0037489055563904206,0.003991258175992487,0.003950591594401724,0.003993336117682484,43.22329591323553
5,364.4508211405549,162.74358558906462,397.3262437441524,190.6206156004862,168.016709034323,0.3741931694392033,0.34505910816330454,0.34107101163192355,0.319954497795228,0.22750612495922873,1.5372561179542021,0.0038839910616070127,0.003094319315991103,0.003927413087256998,0.00393479386227864,0.003650391901732557,2.5167883806497904
5,153.7071163082167,281.62401527787233,337.70653495504473,418.3300227078725,431.6589974271228,0.36317092399352174,0.20341867856495804,0.2948524910042828,0.22089774023014602,0.26373644173717037,0.7882092067438795,0.000976874388968011,0.0029857054047226885,-0.0019087053082229132,0.0038979646585919603,5.254080789704574e-05,0.8685303255082636
6,239.86098804996482,372.9657709542274,290.6638130827335,297.3324333476522,188.1024737887923,361.03731028711206,0.3169412034221757,0.24114389691843244,0.373648548912232,0.34174053659192793,0.22731168340020216,0.3308613808767559,2.4253558826429567,0.0011490793868518011,0.003989164175389027,0.0005530284769910842,0.003990595358295183,0.003970530599805557,0.003954075114112768,2.246831071872276
6,481.4663462563162,292.2827842477791,157.9452295241646,479.72878467419724,179.28991950815987,370.3303237739125,0.361497922518291,0.34535078866354885,0.20452776951766677,0.3571570628752122,0.2676337728823739,0.33502294750084605,3.6195324120808547,0.003963444029692299,0.0039421235109316525,0.003983455864017801,0.0039871357176399225,0.0028513555778030618,0.003994807032583644,3.8326136425958874
5,387.77396850295656,457.768362708807,281.44771212287264,425.31359917993257,381.38390420537536,0.380653425305661,0.24986918286134058,0.23683193685049372,0.374339750612614,0.30829759430905623,6.067009373654192,0.0038035727852266644,0.0039917702120547405,0.00394655325117372,0.003844405426033578,0.003955708668499039,23.956189781930906
6,255.0942660296824,463.9232777466819,157.08954675375495,466.6554749826129,389.49853673723055,263.83653300446565,0.22365136995233653,0.2844399482244915,0.23559731710653947,0.23352478567614302,0.37913697436539096,0.3470077834864797,1.0939549024911677,0.0037106250804737496,-0.0014177384906624469,-1.3596534175378538e-05,0.003967477925435948,-0.0025467651660675415,-0.0017966145805854811,0.9853217971496014
5,259.23786275164974,389.4744280179765,172.9777310438803,480.83577798764327,412.0800613430851,0.31326175460294237,0.3399114904611924,0.28750036379334465,0.3155785765543556,0.21996332353962622,9.651654552781643,0.00399237593447546,0.0039077452898356145,0.0039753634615031595,0.003992974869384607,0.0039907889240861005,68.90690496788051
6,189.39532928293923,156.85324160012,159.91081932041968,370.36205669811727,362.0041199852636,167.8229610308593,0.3544838018217187,0.2457661095937986,0.20324851000807953,0.3016237831704769,0.2017781910056012,0.3802245597009829,2.167970741008347,-0.0016615551079899218,0.003809445499684915,0.003097602867094541,0.0039753169359319695,0.003971276424811462,0.001204298688680231,1.5057932268328298
5,200.6021896166422,422.4508805869635,264.07659321620565,448.8982397696185,379.5367226472614,0.24438433617581778,0.32029692951124766,0.3380397205010628,0.25484965976108886,0.2741949682926934,4.8212486590325545,0.0038452073468757,0.003957792124502102,0.003973488955834866,0.003978164288980687,0.0039533491418174615,8.850472205725335
6,311.8552891342749,274.55118290348634,459.3060590399812,304.69359553616215,445.44143690237456,162.60905382432838,0.3753887333965516,0.372143805712951,0.3060670564205621,0.3159093062038424,0.2236765835669589,0.30318013989527315,7.817871547374383,0.003997254484136429,0.0039053164141779183,0.003986447784797326,0.00388968118436818,0.003979972451751033,0.003894972830818958,41.47444445877013
5,246.40209637174053,178.9886950700398,287.57710148027843,159.53747515678944,356.9609117182862,0.2351659935544827,0.15956337328005207,0.1955497591489438,0.3862312503356706,0.17577115074877298,1.8039063191615234,0.003959967171254392,0.003777350331368735,1.285446493619169e-05,-0.0003281464195779488,0.003961980804556283,0.8829583271886112
6,263.33888466099506,288.41333779991317,418.4920192915794,160.2606315329824,277.9688285166758,374.3262397191073,0.2513096158758672,0.15680431600588265,0.3464895926085628,0.35907752352543054,0.19767163322063797,0.19391347058742506,5.409063309737659,0.003965192249443267,0.003995040573806501,0.003967833915238876,0.0037392043955852194,0.003950883787753939,0.003984648769795298,2.9619917309321906
6,200.78947694606157,359.4463973425115,220.92146885662996,402.75024055676533,472.68552573050033,186.96520030560873,0.2724237119405145,0.28778860590342126,0.33847342351744336,0.2473674111891819,0.32836277436246636,0.25894638198043307,3.000925279208342,-0.0006230101410607114,0.003977549589356179,-0.0009112409983378756,0.0038543920189393764,0.00393035904352005,0.00377280721909104,2.4069547899564445
5,255.25482090705387,450.0133557945028,386.1048809955875,395.281762184837,378.70751623443016,0.17700829295150247,0.17472908887218982,0.24557422224681183,0.23824948359737474,0.39275423595549963,3.248718764884908,0.003980823100534555,0.003936075370633836,0.003940594957882565,0.000556440188819397,-0.003393926698376847,1.381910506996865
6,488.03420567352725,225.38171938096957,274.65232435466567,371.46902568987855,222.05830802566277,482.25117265559,0.25568526767829447,0.1908928566271449,0.2739071353794167,0.38262312597448134,0.39339336740050407,0.1880418481001602,6.783626075231012,0.003999377665271095,0.003936388992057817,0.003998941785542872,0.003959774475580404,0.0039119941631500545,0.003969108436298926,12.550543215247588
5,175.60586220063428,348.767909493208,469.7601127622659,367.7749717089351,455.08359057069373,0.29857472927770057,0.3016658711424154,0.23894914295251501,0.17648127414823794,0.27786105871246247,5.576800369275484,0.003916569417517385,0.00399874838201582,0.0039929386347500396,0.003919566949629949,0.003888216201856006,4.7366474557104485
6,447.64354129169067,419.81296491147975,421.104397029507,374.846791548616,177.863009011652,321.81037580771465,0.39079138505887284,0.26868062185716113,0.15025958131056463,0.28693037930905835,0.353574190980203,0.181698279598843,5.186366325462492,-0.0036648058656892153,0.003994831271876975,0.0039044780211497467,0.003918961972712753,0.003638997762582771,0.0039655324429311665,2.3947353194469136
6,260.3342679496518,496.3420648888912,417.86134569278596,260.88345330397016,417.0261768487106,467.18112751380096,0.25714756126326965,0.24199836561956697,0.2028695974996123,0.15868517107338598,0.19004824869823592,0.18425794867015863,3.312662713277507,-0.001352925102445089,5.9631267274130595e-05,0.0002290782828984861,0.0028414755972384575,0.003994084538865052,0.003924978554975019,1.2244024949946333
6,347.13670856783347,497.75587083040017,486.17095054268384,294.3697212814195,321.5066905237496,378.80706443630925,0.384426030267922,0.3025917362930079,0.201811431411546,0.27019980342810995,0.16135799984707097,0.20116351998064022,3.282555147433989,-0.0023517548831981437,0.00031539755173822236,0.003962133794301013,0.0001258570479707688,0.0038880886071341425,0.003158529686130047,1.3232460159715749
5,305.06475044742473,224.5999586101599,271.36967320386003,194.89463834697662,287.1431009527323,0.39180396456182687,0.18914248421476335,0.2667717518257269,0.18654141303113334,0.15629534255122388,2.979229347989457,0.0038858939058479783,0.003993310836015216,0.003231358257789706,0.0038065750115183704,0.00399395928402125,1.8541942510749339
5,270.4397671595349,271.0844405523581,456.0521267849114,408.78046896032583,419.8283359086199,0.32252147356007443,0.3515863607470048,0.3282374012594933,0.17142075769147463,0.35508873603823743,0.7838258941224574,0.0033412518296937342,-0.0022187064662172328,-0.0027360889263605016,0.00398804442093478,-0.000630896645628799,0.9196464868472954
6,158.9862186120679,425.1092931677074,407.25892371510326,246.23177190564326,450.4325026222552,463.10442678517006,0.24097806784943138,0.19766367864374,0.35505164323353794,0.26364381818769606,0.29444739592637614,0.2232517321065683,3.7451624660501914,0.0015903107583724963,0.003955310990781931,-0.0026500868413847946,-0.0008186023129532777,0.0038611372110991206,0.003956204489913883,2.0351253008821484
6,422.8742548981204,213.53631093230712,357.42942175045897,275.20439145753994,208.53218844089352,227.83033960735776,0.3092577683219828,0.1878162680274335,0.3448130111090729,0.28581618154793714,0.36880418114293256,0.188168424479379,1.6004310407775213,0.003912414820492253,0.0039382092455451725,-0.0026697362356137458,-0.0003016718021642506,-0.0030765913109479276,0.0039802635001549526,1.2933667298671123
6,420.2691330464738,240.7245214959483,168.01857624137867,287.42370708058536,341.75170978937086,361.73835909806303,0.30457413342182565,0.3899604085507635,0.3236305919208391,0.1619046148234411,0.3466092451450462,0.17214261493780608,2.349985339132694,0.0032109034830108676,-3.526290656362119e-06,-0.0008511752995998189,0.003975368333025867,-0.001778837952417753,0.003949261481413592,1.3778124480455196
5,261.66924137775663,499.477900799348,457.52696053834615,327.37847883296104,406.3932769877695,0.15852048422564988,0.26851186112259506,0.18065445005641179,0.29773266220657224,0.3262383237552944,2.930288145416929,0.0037106885892288968,0.003150507746273823,0.003994268081318652,-3.379315871598454e-05,-0.001549811126724814,1.49876278469981
5,182.07430153472802,323.86207004842674,209.51018499082713,377.75713703534063,417.113844694318,0.2523085644712199,0.34823377930862254,0.2954979633440292,0.22495131233740365,0.30731661826415035,8.040496798554003,0.003822189804035532,0.003986403669559965,0.003979984579608135,0.003993253796519627,0.0038840032731255925,56.84876525844401
6,476.5428426936717,368.6038216845899,166.6267037178769,471.3732073146781,165.19767934168814,367.6628866052995,0.33720572065353693,0.15119372682437424,0.35261187309200775,0.35928571424381595,0.3098433914261568,0.3213011805728855,7.084806245556251,0.003942432889634111,0.0039729605104617165,0.003951183943027529,0.003973946778974414,0.003915969138902808,0.003928021590903307,28.983115515740483
6,241.2009814141872,276.9190081975602,390.66110540113027,331.01072640090115,158.32587616689855,188.17922577610562,0.3295295540311417,0.15374044009308555,0.19788091722796305,0.23963938232466153,0.30745930882295347,0.3963195690408783,9.241630991622133,0.003776778107325042,0.003875088633807929,0.0039906308278913295,0.003931863444864284,0.0034744041054119803,0.003786504420723815,62.17629280642103
5,490.13238817524615,184.01878039322497,235.066968092607,362.28065887723756,354.4697358397091,0.16716542828315478,0.2590384386436332,0.2832047274813246,0.2178586136177376,0.2768103911713784,1.6700602310679413,0.0032962349777087264,-0.0014216525050890205,-0.0009981620161036587,0.003935332859924038,-0.0014667517368266453,0.9411553264109698
5,397.85389084770327,224.03137209757847,245.85727530699342,255.89617782221546,357.822614852543,0.39524483231599483,0.1772099656488136,0.389526502461357,0.30563512142072213,0.16028102861376983,1.4908455910566587,0.0015514261472615299,0.003586729857855309,-0.003009666931162624,0.003150859411393124,0.003959502382341239,1.0183232783822442
5,425.8970510080139,338.9173384536741,185.3526198146053,494.8753918885787,193.01850939962182,0.3887782388938063,0.25283689058122905,0.17892586032744776,0.18251703999009816,0.22863006029627436,7.500276560260664,0.003926121781558288,0.0038602709089383094,0.003959855552666128,0.003974007311174934,0.003997741543422713,36.61438045951562
5,210.18121158302426,207.56105459857116,316.07708800123396,229.22144983452355,444.058527989088,0.18698139971718095,0.32115034464581627,0.3124575260917811,0.2312652556288407,0.187253542226733,9.415568420059447,0.003958259022734113,0.003981511410474083,0.0038108218994372303,0.003928089494973702,0.0039740405206500126,68.12705754992406
5,366.61766920017766,312.1705127865122,232.39366752137744,339.780549309903,159.26451349364098,0.3883012769516948,0.34865543468086213,0.3105344500255104,0.27864047284379057,0.2256400699769529,0.04503611947641373,-0.003169246139207011,-0.0009493275904608673,-0.0002760683105773348,0.003970343222325067,0.003960896012005793,0.7731228228932099
6,446.008199066455,375.3672545506265,467.81383192067744,477.0096124731893,439.3380800345193,249.02068533867669,0.26999179919085997,0.21857283374417993,0.3999881483386789,0.21194060345622467,0.33064095512679215,0.18451122220882396,2.8304642663096233,-0.000575086766422911,0.003913879061740522,-0.00042447685419464863,0.003609865793163568,-0.00015157136783389258,0.003929264932314059,1.35025625529463
6,264.62968308091405,347.11312452149156,313.3012076983591,342.5879012792459,164.53549259397823,189.2107798275818,0.21713742581878934,0.33883119271380147,0.3334588504394469,0.30776255148185727,0.22281382837726496,0.17989524143200514,3.951174477820195,0.0038972433667537254,0.00399927983308359,0.0038499971046207027,0.003911070077737523,0.00398827522666139,0.0039385213568916685,2.8737245806138687
5,456.8931288778428,306.3378574430561,328.34867256021516,177.89520864537232,223.254993810876,0.32990342432078845,0.15158976746696096,0.3895457472101934,0.27866832754392395,0.2698412873819038,8.540901181143413,0.00395247240214529,0.003892643578991887,0.003963569534081327,0.003932955316884287,0.0038629301038189457,65.05185527195933
6,322.0747117783103,153.08853173360083,246.79765919316702,174.7122919017465,303.81322636874984,238.42106852051478,0.30815555515352766,0.2737075454042062,0.27806377503603574,0.23529798318356518,0.16111923439210024,0.31188968838416786,4.431688808530723,0.003958213126557365,0.003949142542543773,0.003958745190820545,0.0039734902837218426,0.0038647020403288213,0.003992562645929799,9.754550851974564
6,227.1492892953383,379.3024759419728,463.2025774186783,339.1450858632246,360.70856076991674,178.86033939163318,0.3610649273873301,0.2685765863683651,0.17698362918943272,0.26070567663697086,0.2877203541130673,0.28565152903256985,4.131796518537319,-0.00019208990341979427,0.0038037124880927766,0.0039768560611402656,0.003883193713423289,0.0036481772429305427,-0.0020694906316887475,2.219046141147268
6,202.53515645741982,464.6337697380346,151.31714846373825,296.4880274036418,336.40942845092854,331.50104672323425,0.22541836324440892,0.38720945789541394,0.36682224500787375,0.28348722259581166,0.30612957637436167,0.21727099577587247,4.737128984593342,0.003962601341206995,0.0038445539602909163,0.003687777958135161,0.003974337303193167,0.003972823223691772,0.003920743445280441,10.909113032368593
5,379.10463643995956,285.02723053099425,352.2723181405454,405.39078693175685,333.730350257798,0.28349595434300195,0.30423817845914175,0.35523676114750896,0.22724617282952558,0.3367002960651469,1.5960589764261357,0.0030823449082056434,0.003968576231408774,-0.003029490195354143,0.0038156320912962507,0.00011820294363767304,1.6731889645281754
5,242.86723978258004,449.53040877892636,427.11841131134605,353.7473175630404,440.69512488971736,0.1745646974114984,0.306937570027517,0.3567818614194129,0.3987113583965609,0.20672101432053264,5.512333489763562,0.0039895361183840995,0.003981803943285435,0.003960637981186616,0.0037847172394966967,0.0039873484863582895,11.490302750082643
6,393.8076458739466,423.87355059039834,437.97748994625107,337.4570939418867,470.11853715276396,370.9713395503953,0.24527324842950032,0.1886999999349092,0.17254088530717226,0.20175606338775534,0.35622574329711487,0.16217498460845012,0.11320934724849518,-0.000965037088424861,0.00016377150837471543,0.0035481955867944573,0.00019883882726644302,0.0012505341016837257,0.000109100897598996,0.4691525718687254
5,316.16507503876704,474.52113813131245,458.9173438147357,295.1888616603798,413.4045915635069,0.3069932675328758,0.17292741377009657,0.173464568130594,0.2955450525787316,0.22389034168048644,8.878398995553628,0.003924648442347619,0.003915955807338198,0.003946083291457527,0.003997801673026253,0.003986166049410474,27.9287395816823
6,420.8789364046328,217.4046524358505,249.25150695802472,244.58293421221907,267.8199819658742,197.7928303198982,0.32014437729302747,0.20427151759316542,0.17205331461338536,0.24826133778646597,0.22325283156317116,0.39621698611966216,1.0701423704354185,-0.0002975734217251763,0.0035508245491590665,0.003748399369948294,3.6765964255879304e-05,0.003382173896638666,-0.0014698543238869512,0.8599314995673095
5,434.1307524999085,346.287224793261,244.93034557700827,296.2942804195864,287.7595334823199,0.3061127075574606,0.21738100813549074,0.34405192043564453,0.16659511172861421,0.2754166650812093,6.588339453676432,0.003840267435242244,0.003945505025939878,0.003933025017402,0.003951393263919915,0.003981249327634606,28.89274273498624
6,346.2894855149294,390.26549046987833,268.8609289597082,370.59077642242534,242.5522276426962,305.7096167611093,0.24474352125217955,0.34996880616136045,0.25061137173632764,0.22896510530849765,0.2226733981558566,0.37262311513059976,4.461893439547975,0.0036468296163758517,0.0032420621754176405,0.003941281034816597,0.00390811619135769,0.0039979599981879565,0.003995500221914667,3.1801931996202666
5,432.72678052227144,296.9117161047135,324.0696423357166,251.63040167533518,449.55827868487165,0.25185873348939714,0.18435786661017975,0.3754574805160441,0.2262177831426516,0.3687429781581424,5.85699094447985,0.003947562662349572,0.00395647957135898,0.003996107605549465,0.003939532352977212,0.0038372308915751475,20.94772087014121
6,193.22497005305286,283.2129544820234,436.43266236285695,394.8041907120818,235.41559139618252,342.9966454767307,0.1683993777455105,0.2144569086429503,0.3146838730296969,0.2731602605133093,0.19932684100516038,0.3776785670183647,0.9565391719115002,0.00394309911562362,0.0035484055083426893,-0.0008655150010023294,-0.00037966247131513976,0.0030849046057125117,-0.0032184934212952316,0.8154973429047443
5,274.1044387563396,168.17334639819046,262.0564161528206,294.1269183523741,310.15437153697974,0.15200827784838572,0.2523393495946754,0.3943326911789604,0.17823905895233896,0.3105746383296839,5.530882096618951,0.003851462427703879,0.003961667098075409,0.0039049086358015194,0.003989419768624247,0.003979597899952579,28.57058884203411
5,317.9367767025916,266.1856087687332,443.6940047823588,406.4577192186289,480.69294475606387,0.3704055672253178,0.3878987003298726,0.18014903160114573,0.16524776897776985,0.39021296403367695,0.2344865012106001,-0.002107145295675383,-0.0033619443413788154,0.00378119251456153,0.0002454380785744037,-0.001509232113956924,0.4911868777046028
6,175.25064157468168,150.34018759296137,473.55631784871775,224.03169380678708,226.50089552780327,288.45916895223854,0.19606465787486851,0.3940038137091433,0.15229648050722333,0.2511910572332733,0.23975772107889085,0.3563383572259212,8.156344960245567,0.0039872692751023175,0.003967696395702991,0.003999150678450298,0.003931013361875021,0.00398944984687768,0.00399708318759858,45.81285033397639
5,416.27137613511195,234.36025911301914,221.42360782330636,464.3918425643749,407.57662235374545,0.31205075717276387,0.35649920274958047,0.3220183411510279,0.30328927542059053,0.19512191534924944,0.0584891998020487,-0.0004836373472282418,0.0005112188922325034,-0.0005808816991951715,-0.001180730390329572,0.003983835479259757,0.47084373807725755
5,367.82058702715244,188.43124544674444,427.8823031726758,215.10986649820265,285.46280776901085,0.23825109890784807,0.23103111398157666,0.2649085447430181,0.23143375094402188,0.32141841699496676,6.816882749983979,0.003932041756656465,0.003998632431898912,0.003936128612270979,0.0038982392673433965,0.003977066623870525,36.44462739015712
6,324.9223311563876,477.1914739582928,239.81048405211078,440.86173285817864,317.8757672445923,271.64860216109764,0.1676852125616594,0.33327070711979623,0.33427282695787175,0.23432212972932376,0.3900273848175822,0.15631299335914312,6.277167603142343,0.0039859384095385746,0.003896837335936144,0.003936542950790588,0.003972156128142229,0.003994359621830343,0.003948903013464976,6.69696528714351
6,352.95160796027835,159.19741877363933,386.11738070106696,490.22600464692255,413.37571588606676,223.6123641400348,0.3995202869615239,0.17944749996560058,0.3294865838139799,0.20060687384945314,0.3819009858778574,0.37444612855949067,7.234929077806628,0.003927811868972413,0.0038996185915027627,0.003985613520648088,0.003948366539634186,0.003960076317990584,0.003953274987526893,33.64592147067921
5,306.417063267177,239.16343598849,154.57170737511655,210.38955975555166,292.44948147746857,0.33005976369887224,0.20734464440262826,0.29132828140110567,0.2615944596342915,0.34631376695879834,5.368189361653785,0.003970214996384079,0.003983041128462793,0.003984585128182013,0.003985034905493463,0.00395223237807749,37.62687994145551
5,189.32759832450057,335.39360383466646,251.01003522068686,213.7122915808269,364.69998152093183,0.2561001358020899,0.15205865770657231,0.3510741119919577,0.2303677848884767,0.21837652112375627,6.9541693461293885,0.0038269122451652406,0.00397442357722844,0.003975233410138588,0.003944173808688472,0.003977231902268722,38.408414080798565
6,284.4915389685499,314.0040031946536,487.52212067185866,310.45990720563,152.84468927049096,209.03844106943302,0.27343198335157926,0.33652836052305235,0.36328935774206295,0.29731680621448087,0.32948549227569823,0.39461514331550673,3.3015405314014226,0.00394236923002627,0.003976261097523693,0.003965730451437722,0.003965058538161997,0.0039614640605840105,0.003957526772155363,3.5229938467658535
6,311.43526453536276,396.9270860344258,192.17714435103773,167.09863189004423,264.3532836513999,449.8769082785243,0.2159670951026115,0.2617464170469037,0.21218020797474949,0.19052974865747002,0.37698458363584586,0.32428142709444163,1.4744791888622588,0.003927269311930298,0.0038639931974103437,0.0027928995802796795,-9.542851836428945e-05,-0.0008240621610546872,-0.002413568151754366,1.2364609503122617
5,355.8050676963866,259.67484509420626,454.55942850889596,266.3267136118045,338.8114502462353,0.270787999947275,0.23920147256860755,0.3281718177590004,0.33785227577422877,0.18224114003908776,3.9323650141723343,0.0036463458634140313,0.003965447587494678,0.003980755590274059,0.003406973209341482,0.003946499567829276,2.7055929142481863
5,238.11952105142353,185.79168824166902,280.38264177691815,172.82966738870863,193.2965859806137,0.3576430172619006,0.3139804130580708,0.3553091411326707,0.17606510687454394,0.21946838705682598,6.2970139633220565,0.0037996311193152135,0.0038609825315921798,0.003843217043583208,0.003931676257141734,0.0039829149738089395,56.77111133453486
6,304.4825399801088,446.0376712899217,311.496371046945,346.87831701013783,214.1739021689233,312.05786401604524,0.21845297418488038,0.19580850936658833,0.19486370878114895,0.3725299119298926,0.15919129713091443,0.19360874841324463,5.634308987729827,0.00397675279021159,0.003986435952546154,0.003993600056264986,-0.0010578920566306066,0.003990226739182608,0.0038692917044170607,1.829362615080874
6,239.18185384978267,320.33270890583333,470.3280455815398,337.5824375156916,480.012805153917,389.453186636627,0.3218670928499725,0.2857083986773675,0.3850041482797836,0.27099863377389677,0.3986852591051977,0.34041844639918434,6.821832447314039,0.003872461892252047,0.003955932414908147,0.003992560907411978,0.003988437002515627,0.003966235767674092,0.003993796059138203,29.79450807307752
6,370.5375785080671,198.9145221424043,253.3831647490801,351.98055825429753,450.7427130695445,365.60495331374716,0.34737675715193167,0.17006601859138465,0.3892997378146247,0.34690399584703857,0.2745557732636824,0.22831874922692322,7.470514582752945,0.003981756308577436,0.0038878104616212284,0.0038176686467527488,0.0039648089281276375,0.00396276957332662,0.003953912852557981,32.56150178630081
6,409.8574453806439,494.431074264249,194.98962791418984,163.45338713791594,189.41354906988602,466.64518109358653,0.32091669567302683,0.170792445817958,0.28458096535126587,0.23691974608731828,0.30623305648905297,0.1886582973102375,2.1231880779723475,0.00044466366339866503,0.003927632223533197,-0.0018955626792780001,-5.4483756366397465e-05,-0.001652513281070947,0.002989914928049092,0.9993137648156466
5,465.29657351373567,415.1317590515382,281.07837375519193,498.38217065645256,254.4786652368225,0.29461218108977316,0.3564792819180777,0.17379815308609306,0.38754755370252425,0.3326572642836573,4.926527194758058,0.003916664388115324,0.003989166198228518,0.003908152248217048,0.003956836397403634,0.003871989436397263,12.232171019808442
6,339.95907157763077,478.6546622241206,229.19468959445635,321.4120668445197,290.3632776434638,371.53686426919126,0.3468586260615064,0.3348425235254147,0.35064871218361093,0.3535924419334392,0.1916912298782983,0.2067808708453,4.4068951225066,0.003971189255962603,0.0039814716777248705,-0.002754543948565383,0.003935756705400708,0.003933242223644749,0.00393965107213749,3.181183172389072
6,257.0537675843282,288.2053784982851,271.3607915872508,191.33884946727832,163.34024900688655,384.6289498771615,0.21054193697750548,0.19238994763560024,0.27257844455144153,0.17095574939188926,0.21615383714730957,0.1728420633101595,7.353275044363375,0.0036855781015123603,0.00394546269994862,0.003998229811379116,0.003925339898104464,0.003985438597717419,0.0039289566282416635,26.937439059294064
6,410.8105118475795,313.299079725112,288.82759032195656,215.58522037036397,154.2441157609186,276.66509017533986,0.2903631198714184,0.3747502894970007,0.25762830672870907,0.28708426003976206,0.3693464158772135,0.15884619117493837,2.2455729384187775,0.003985371051436155,0.00040359734651216673,0.002378866227064361,0.003933324323184008,-0.0004503220815372833,0.003983540437329002,1.710324655818739
5,471.04883868760663,475.9758712072192,406.9501733190754,354.21056337381106,158.78963139372397,0.1912173092650034,0.37664092324473186,0.2962189847903953,0.36064885358903676,0.3562262669326046,8.873713059069399,0.003935994194736431,0.003907129337556391,0.003968041226365399,0.003965796366712775,0.003928389139339767,57.88918511176991
6,417.5834681949016,150.78972407135566,183.27658228025177,486.92120376574746,462.30787720656076,209.29198889756177,0.30224798566583305,0.18609341112049863,0.36860234028639416,0.25711334551281856,0.22905018168282174,0.3527015641323761,5.580763832018753,0.003926439868135007,0.0039754288549071985,0.003943074683947142,0.003930674843866142,0.003999755862812256,0.0038660303801604486,6.871742666062526
5,218.38910195995805,423.2238446208609,389.3556536148983,238.73609333829933,267.8434953891603,0.39348567843378957,0.3502719857247202,0.35328400217392764,0.29874237901648765,0.18222536998930233,2.4402404932518937,-0.0003127440071038823,0.0038938108217867686,0.0038769365665783373,0.003978725258371252,0.003956174884669117,2.8033748117122506
6,233.73663232500815,406.4640081062833,478.81437358845454,442.8322034687359,323.3455135936145,464.3353138097064,0.3417428882797822,0.15370119755896186,0.23942368335088307,0.20114457269272037,0.17770167917432803,0.3876532032756227,3.601325530717303,0.0004770602495238896,0.0038224676315595464,-0.00021683417920842553,0.0036572062787149583,0.003943760887668232,-0.0013295259921964225,1.258682577978104
6,335.0180663811848,261.60779491827896,460.87653702958403,164.1132120954361,452.8585698255593,230.49330300242727,0.1692900097058448,0.21060770695987993,0.3675609985307452,0.38557818965310064,0.2669818224565169,0.32784411482417075,3.3778619399786134,0.003988651830761224,0.003831701697550355,-0.0014329600122243774,0.00038215920998214693,0.003956201138298118,0.003921156845174021,1.8755165684559074
6,238.2540387439724,442.7487048151838,329.4799107197098,170.28383199302058,150.6258233803974,438.11334512542334,0.2479541521400861,0.25222414696809087,0.3723082420474906,0.29325399825296605,0.3038309204728201,0.22330469965906583,4.457126047680957,0.0038042012674255957,0.003937983161437191,0.003990628095036214,0.003726122659104706,0.0036506809834743205,0.0039889356568107905,2.87842132107912
6,434.7257979422291,322.604716098143,223.88505257157192,492.9555040874311,176.46896779110267,252.3685709857248,0.3941836698174695,0.3402454157357096,0.36425619695189704,0.15129299702306637,0.23963073280758343,0.25699851719373046,6.982089415238289,0.003997147090879802,0.003941537143075249,0.003918813394039582,0.003992929113343768,0.003961962128193063,0.003977056753361994,25.917516997706173
6,285.47511022430865,266.41111486031804,364.88587852346393,213.59579462862814,157.05615845044406,374.94953678632714,0.32970466290891415,0.2318244552092702,0.2436147226778933,0.16575024974169678,0.24742017681961626,0.3703483799690649,2.339006329132415,0.00067227130080538,0.003711841209010819,0.003993361131508248,0.003934601974692218,0.0038209729815685367,-0.0019554902296710897,1.329035018756444
5,160.44854206933186,263.747517455785,420.91922541585313,414.91093115406784,338.6003916289017,0.3662240869889708,0.28876660628155704,0.29773551265960335,0.20057101160435706,0.19516811976468282,1.5643806790230352,0.0010773417917219873,-0.00015476224606233768,-0.001978914912857347,0.003946858065868295,0.003827276006281021,0.8827156560605016
6,275.6104606793277,211.26102009914547,384.9381297563583,400.0202384125796,324.5783313034644,403.31057193184927,0.24519325411261675,0.1909327616250633,0.37353503921705467,0.38871061257303985,0.2111463338253833,0.3476095682504666,6.053744322196211,0.0039007762928558475,0.003890658706689757,0.003903869744534333,0.003962064371137552,0.003968626437855977,0.003924399581281978,19.15592986949611
6,436.6893539589373,452.25484952844005,226.77330946931284,448.7111225263857,410.22626689864666,215.2171281247208,0.18322803725272607,0.26862450120098846,0.1933534950769111,0.1992378363010697,0.2931036683523265,0.25272047799322533,0.7177068719209612,0.0039273812890604064,-0.0012999041427082681,0.0020424063808808,0.0003239736572421209,-0.0005117082701389409,-0.0010437107269576718,0.7081763916117495
5,194.16243964235545,418.3117516580821,362.81212301356913,317.31287340504855,227.81982785263955,0.28441058416812204,0.31095085878782325,0.3555995338232175,0.1575660717656782,0.17932040038002428,5.417457346326331,0.003992480868702124,0.00392806639349762,0.003993525950092323,0.003984631076202275,0.003980016376285289,18.603157881998243
5,438.20856639694296,301.20171599007335,273.4867662475714,317.2538341195711,255.04598170047908,0.1625812326560831,0.22610930517165184,0.3618991227451849,0.3575924555711395,0.17266384416344152,1.7575862838599676,0.0039977972474007995,0.0007512936610620613,0.0013840073324235802,-0.0009522504570629059,0.003940849878151385,0.7917763850432648
6,499.7706912602802,445.97335895576117,268.75580612057286,200.8845445881214,337.5368552252545,154.01567757848414,0.3279378957242818,0.38688984079259114,0.22175101162783598,0.3285816519690864,0.37664130258898637,0.2994314109254352,0.14994390417771064,-0.002218408451714125,0.0013892681365638094,0.003928254737143758,0.003999183036935209,-0.0002083464429148796,0.0027563104065172375,0.9947341862600151
6,223.08701416976723,301.9243227362566,397.0855443127524,372.8536030456287,295.20950726525524,151.42308061468916,0.2924136797710635,0.3089625803356135,0.24122748601805913,0.34369643743195327,0.37019740340847485,0.2500559523713965,2.1287019435794887,0.003987935784265796,0.000527071615406145,0.0039026268604113036,0.003933988227980863,0.001196487812348024,0.003976431408323472,1.9350515606021543
6,494.9877495588938,281.48110292217655,402.0423391410726,181.6564564071224,251.28650845519869,224.5497172886067,0.15385260505387346,0.36058538277552965,0.23882081825793183,0.3870225405846626,0.32127439784003636,0.33879210604252774,7.239060658925267,0.003989073976035214,0.0038809535084701552,0.003916086462338754,0.0037472089348656863,0.003929981679938434,0.0038597574733696305,30.00546855372402
6,462.9685002841843,218.35058298106938,322.5180716489118,248.44071654784796,202.50168100412645,421.0130797810517,0.22976997163321286,0.3502381291550698,0.1864799729407084,0.39499644994087624,0.36481517544891784,0.16459542577522063,9.884023313420569,0.003975649289571006,0.0037754779840955,0.00394383172938282,0.0038163840803768657,0.003972334583997593,0.003964938195229033,55.58321997942159
5,458.0747539307692,208.49526760766446,349.8081180464126,269.97062073632185,193.85940602747243,0.15590769272253635,0.3371725479226827,0.39276097960852563,0.35528998281309054,0.32507719502604293,4.2965675984842715,0.003967857506595819,0.00395272661496365,0.003980770481911783,0.003983793182766522,0.00394308523568483,13.952508229847414
5,392.79775290315945,352.6028487474444,190.5783223188857,245.60100387893874,439.7830917743632,0.26077735203759844,0.3188281333007219,0.21446863358636573,0.25025287342101377,0.3869734940087307,2.4001129704303157,0.003977975712520545,0.0038819066957481996,0.003972815286567578,0.003591490818941583,-3.0267369969106397e-05,1.8732717684586833
6,436.79719825000024,493.08836082616017,302.6511284416183,441.5977055894957,437.78684083537246,213.50344582374984,0.3401207626272099,0.27703457232938633,0.24044299051703516,0.18288979885979595,0.38391998757890944,0.3313779222375486,9.626808448995222,0.00394722777975279,0.0039515240855150496,0.003985879045413166,0.003981193219263507,0.0039101135911616715,0.003904341566878297,42.76633574627955
5,308.46955525519377,485.5919396584634,298.0040756542545,295.43705914519876,378.70436255523134,0.29628712070258956,0.18084409640075558,0.2810766255943352,0.21990749813457855,0.2831209512183408,8.418247341506547,0.003987499662945534,0.003940841120704002,0.003798167140090064,0.003976561634390782,0.003942854573946682,39.37391937732463
6,279.0082123709328,453.1036160697893,437.5619094100046,322.41293073528414,314.59472821671443,416.53699186366407,0.21808305190070243,0.155613102690661,0.16950314577216155,0.18993418632860576,0.17926745946756734,0.38221190135382876,2.959560084792873,7.912406903026636e-05,0.0038903753019002042,0.0038519036115783546,0.001097720401594814,0.000550615838996138,-0.003179588355589581,1.055067774218997
6,252.5357788519172,476.4091773927464,378.2995937532503,239.02998143991715,450.1123272004313,446.89852507958943,0.32987085799200955,0.22992490966729245,0.3341442297949128,0.23831921874241213,0.3264823528906325,0.27505637064664346,5.320761935909588,0.003541417100916707,0.003990558424442285,0.0030904047955895553,0.0038662507106992264,0.003950860209611231,0.0039017722334298687,3.786179335923553
5,437.7979242614062,377.98351039789134,307.3191943123826,261.36990632526994,482.30039986036985,0.15512432793373457,0.2649045459597554,0.3478380426306251,0.3807685076011176,0.3682258391194365,0.7227502279456732,0.003704367206758742,0.0021454187591738306,-0.002428128541936306,0.00020630742733300956,-0.0007863824352703041,0.8767865705782788
5,369.7450859663178,497.1390770700353,222.51578482832957,313.95067979041914,477.7338440112327,0.22094411961761454,0.17605165878088389,0.19624503872190258,0.24950108457057418,0.2797160032451421,6.567993851387649,0.003981976705922802,0.003997689528860989,0.003942457889750303,0.0039878844448816364,0.0039644220245881046,4.157357822517731
5,373.08172016346805,308.11333020911366,242.80852683889867,339.26588988543654,233.6888462188502,0.2387358192436634,0.3818130342993828,0.29702314911005856,0.3322188593338726,0.2588760330253631,9.790931216312481,0.003989479601059065,0.0039396654142059674,0.0038327682914192297,0.003941565857065864,0.003976195868882484,82.18793492651123
5,260.73809795729994,367.1981729990697,484.9062079295625,368.9249074296463,299.9682271120381,0.3301733695303062,0.2629257270796599,0.376538493108894,0.30649402965995864,0.38706357900176525,5.868845695691986,0.003910783972169466,0.003951085846954925,0.0039905401525252735,0.003986663300413411,0.003954881535146252,31.380462796518525
6,457.4838865567666,364.513662642789,179.51767879978837,235.6771413376975,383.36685367312214,413.58119854696906,0.2606960018887966,0.15245599234699733,0.26925061593426985,0.3472234949810141,0.35714177000606323,0.22469666734606877,0.47530240180146954,-0.0001904025060468051,0.003542516068970095,0.003919311233560198,-0.002087521788340929,-0.0013552654141906202,0.00021008619637528258,0.6265876087637533
6,283.03227369650324,419.8902580062976,211.44482965575605,190.05662939528892,343.15428998247495,237.9405776848213,0.3021381154178895,0.2944688071409142,0.35956507703285434,0.29978613625347805,0.17049953461764586,0.2557272735078517,0.6768204684159862,0.0002184371767969956,-0.0022249737086325583,-0.001097991244130147,-0.0007961106765333482,0.003828664268051144,0.00391143937285113,0.7294576274881591
5,233.43594006576785,206.89920666726104,194.79201533855712,385.24503422173234,313.45933777417184,0.2876230032119196,0.24186435386340477,0.19795772645411405,0.20922338554031786,0.385249966327217,0.6772788293289389,-0.00047251650181974524,-0.0006404480271457863,0.0035684118795531374,0.003995683125911986,-0.0034524036391094487,0.709723785131263
6,232.38571979765084,186.11038506874664,274.2551471981668,440.5929913320157,198.8324271460707,418.7060218772441,0.24411641557934116,0.16514671359696778,0.34447327969346,0.1737430109595681,0.21861440421354228,0.1880927241643996,9.059673615184211,0.003938584483884895,0.003957946918566423,0.003975861704678797,0.003924181702960312,0.003822174784025033,0.003971096253173399,39.68357053806731
5,308.7180340529668,325.78351621056595,480.28197800191424,208.48622455974987,362.0262468413564,0.2543969421695455,0.35596041425836156,0.2519742009363892,0.3330816094412272,0.1976832120397862,3.530056646504928,0.003856585976684486,0.0036369161207709523,0.003950565163470067,-0.0018401027280546556,0.0038488655092855906,2.2842054921361767
6,203.4047506062027,465.73925744413185,328.49519390897126,159.02253299109194,258.3657066755676,264.76222386798395,0.16738380073115683,0.3462022513748957,0.30645961723220083,0.22844274809155402,0.2453132650454988,0.2527616475531549,0.2294069837546231,0.003952405661998282,-0.0012346333642006286,-0.0016230271101091865,0.0005871874446057335,0.0001608558300439622,0.003911891809836691,0.6507550281311463
6,371.52686615178243,171.9396799663238,302.2128934400546,477.27308306878217,351.72105416046736,399.67982406697655,0.31354677834109906,0.3170391264426362,0.29923673604171225,0.3500681696675226,0.19101524616694623,0.16764568852246844,1.3158833124220137,2.474856657682323e-05,-0.002626995373935748,6.016402234875318e-05,0.0005170011088340082,0.003859110370001252,0.0032536979006482216,0.7823671572869989
5,438.44681183527877,297.4681926523948,172.73411034091356,219.49827214696086,226.32850334520782,0.29874163535514797,0.21828564770150546,0.21732403128856834,0.3810494287481633,0.34162954027276315,3.956955072998846,0.003970048322905417,0.003968442075042266,0.0038391542549135603,0.0038367428325607536,0.003940289658425034,14.972375441916242
6,394.36697991493213,182.44148736877554,210.3794953987864,351.2593154375339,474.4814565160063,325.42347389455165,0.2913479633198871,0.36239415062897756,0.15717432994391647,0.16697788404115324,0.3268411081499127,0.327200479739712,0.6666196376405664,-0.0018649986085229459,0.00010516582588500454,0.003035864341567488,0.003916948982278713,-0.0012035385815516958,-0.0010339594504360388,0.5340383681882394
6,177.7609106990982,391.06594810598665,441.7586992715259,416.5672078166588,304.9337619644665,207.0211373041085,0.1701512088452038,0.15971632929667853,0.18767956539864172,0.31228843818336904,0.15851914193075617,0.39137296314441217,9.299445956379474,0.0039518047598576566,0.003943738297584455,0.0039654807754277935,0.003996069542139509,0.003834859629223909,0.003991816677649639,34.33831963607292
5,290.7012315672019,371.17190027560457,203.35090652497257,218.0589392538875,486.775147381104,0.3275850006461114,0.21678401670373715,0.22303901232246784,0.3882196269918276,0.32051649960300505,6.811143027373764,0.003872456784463635,0.003960180415965294,0.003947782640489357,0.003893479388171264,0.003998627236199885,40.88750443285596
5,473.5635110824081,267.4956987258927,335.314541985608,204.8083996445125,302.025932670541,0.20248412075937286,0.3563526150878521,0.2648574400100716,0.2931694014239998,0.19430422664711777,3.9555266187856866,0.003952221018420347,0.002738704033138704,0.003944754030273662,0.0038233753822408136,0.003970597451040869,2.3185242837961555
6,234.3634924800254,177.27566552983507,439.51790707273506,236.3934507359313,460.4746944693735,477.87263274776194,0.15560704714004764,0.22765224800189593,0.29763553681652055,0.18865135836276795,0.15619075618026912,0.24963202058141795,7.422828942495291,0.00397459554916588,0.0038470800671410853,0.003984376596139715,0.003987075287920296,0.0039922937623530046,0.003916750241799977,5.293129799196256
5,234.35883751556608,424.70574684232923,276.16247339465684,219.37666870500456,365.77495530266896,0.26936816204985736,0.34663665938926114,0.20008487751058787,0.34379881983696714,0.19046406992080647,3.7633256350363453,0.003965047667012134,0.003991975332118012,0.003986885172591644,0.0039073051578058324,0.003862787028285092,2.430198201415218
5,311.98065268117557,285.9923774528951,294.9273981594357,225.21786454153693,431.23225176881107,0.2012167171586504,0.30647420300068995,0.35307223140663346,0.17636865314212005,0.3448690546847788,3.366491974373215,0.003943175063162246,0.003961790434844186,0.003985173786257512,0.003969887623059019,0.0035746779154672073,2.6132091794320136
5,328.5818997563041,471.2380321395441,460.1622921959978,477.3008008366768,328.0763224466922,0.24239557332856165,0.23182953824092464,0.22917936943195033,0.34123728873698983,0.344170921114021,1.4810538565612508,-6.482963703033029e-05,0.0038916355320040476,0.0031794720065978044,-0.002082314556375452,-0.002294666592871746,1.2509663764147263
5,485.9387380440226,417.4269612562583,373.45585256881895,176.01312324612329,185.68484526453372,0.16165406476387792,0.2952468967609465,0.36698394856626315,0.2462131862738681,0.18526532305699958,8.327086368065766,0.00398720234848943,0.003906891401138435,0.003989104040484688,0.00394302955695221,0.0038127137018256043,46.210978998150836
6,345.9028022584155,411.0580682550646,371.8846337274356,223.1216471855344,214.92655422673099,393.2072390804565,0.2967795389855431,0.33102169283190785,0.2851634107490988,0.27320107335088156,0.3506956520506554,0.3162596548151526,8.386420349315847,0.003989832268561198,0.003995850267963301,0.003997755816014597,0.003872089652145011,0.003962436741485556,0.003987537052314671,47.52167467522943
6,374.94767052091925,377.1306846560433,159.38924800745355,385.2122215863818,413.68028082844074,216.06507114277116,0.23182164997703392,0.3823570588181617,0.3261765753600501,0.2937528505301509,0.34103518482743667,0.1885018225490283,3.9840949979909137,0.003925361491082057,0.003933690992145209,-0.0020556167955659843,0.003959197550392958,0.003852059696268151,0.0039465194684181835,3.1116180061323226
5,313.7209880040978,304.06425705787626,174.1512812593641,474.6665983941007,224.92723248728998,0.30074287596705096,0.19886895454729,0.3219890195144479,0.20773394877564832,0.3617548542182769,8.240128020985571,0.003894951662536801,0.0039452375950222,0.0036630179282377997,0.003994030513502112,0.0039281683716986026,54.694235625436406
5,344.2089775962397,321.6144675792924,341.95811505320125,363.18990452149706,256.32732141930916,0.3663996147022232,0.16419609064358848,0.36438572368265465,0.2234110423463681,0.2307924829424901,9.640981088476394,0.003969991780467173,0.003926835153983465,0.0039963892711526805,0.003937867321772791,0.003963194397865956,67.08514035349887
6,337.9614311334865,182.03113453396264,439.62625037653527,304.239423401125,318.9897302256468,425.2892831812889,0.17399001778993625,0.2770800701180651,0.2947254847763757,0.16676449126173382,0.28097071139940655,0.33686086072006,6.17117627945571,0.003994175426525252,0.0039983314190734365,0.003984666760082479,0.003968192634503678,0.003975252444022664,0.003963241902727357,4.11245680413517
6,172.98000917486257,256.52408935199156,253.55172100608254,478.44878282194435,393.62596078361787,188.59214219766693,0.16385770732694582,0.1924941411077639,0.30215334493625856,0.37284824150358126,0.22033831331352546,0.25297690572425574,7.256983827639846,0.003988879628924492,0.003882932229759651,0.003908074382647964,0.003981147027920427,0.003663719574703145,0.003987076365277127,33.89147460684187
6,267.09711394967076,445.2067381874793,234.92072134631573,427.8883610809878,330.4976240041539,244.16231223256432,0.3435981888026348,0.15477354686316733,0.3968283543647889,0.313154936311537,0.32583644676451307,0.35305789020472106,0.34304716168056637,0.00022612155533954515,0.0038038302044704013,-0.0033361743050370363,-0.0009584393583457479,-0.000778119766967963,-0.002243537952567947,0.4080534206384733
5,227.88029256528984,421.909103485106,457.93388821787926,452.2590821786797,268.05334605514497,0.192533827719458,0.16459671734517106,0.3948035194752205,0.39704763500559764,0.29378564267275886,9.780534583823208,0.003975513341562091,0.003980440110875402,0.0039834688939196575,0.00387939820670162,0.003954601727780541,68.46957890151312
5,178.23063507920477,178.88508723821462,151.0233351586869,370.34715736112537,182.39885095443208,0.2594110538773081,0.3679426329821312,0.31419218085921097,0.3585914572615734,0.29445032309002916,8.70922338707666,0.003924918448529269,0.003980418259272363,0.003980459807582039,0.003996760995493202,0.003978431864160272,89.94206636887482
6,454.18258584149635,197.35096774989626,201.62505153292994,440.66421407540895,286.67358813190697,209.43856693428887,0.33054545707019534,0.21632846588803817,0.37132640037955134,0.38530595213761165,0.16770970308274255,0.3714553711247548,8.052763473392435,0.0039951404137256764,0.003857746682079559,0.0039189576267399705,0.003982401965562791,0.0039607109235923026,0.003727075892217683,53.24522502912066
6,204.90792169824238,446.66830210739556,291.46405520201415,175.1714120791038,160.08776214308614,434.37602025188556,0.2871994551524688,0.17513345902886673,0.15404968927102317,0.3464907542582629,0.22182617892423656,0.21325003891566094,7.816270263032385,0.003742629812289181,0.003993462236340315,0.0039897257170744774,0.003999622029837767,0.003994652790998348,0.0039972793407164605,25.385402909684206
6,313.4031808910136,175.01067473977315,335.705777286513,434.73618124403646,261.40784301030385,492.81239040794713,0.2841119549594446,0.35607789501606313,0.20410311464142256,0.15949800261974717,0.268297133823706,0.25167425822941164,7.200522216587453,0.003859712556973518,0.0039059598101742754,0.00398565512523282,0.003965250115621526,0.003754329642545866,0.003958517671771871,11.212782008090814
6,170.49235062958374,353.29032599337404,193.70576201277046,191.18870467665982,225.2933814322017,155.07975111973397,0.2075578305416369,0.1980723415154163,0.33936543865661895,0.15669193902152895,0.20384049479789287,0.3545418842337774,3.802539790059236,0.00399751372755326,0.0039848841354276085,0.003911878115451678,0.00395329867347822,0.003956374445956482,0.003666666616134956,4.234476029841999
5,269.1263002576077,494.66769399020967,248.24269843485126,358.3561703055585,433.0383218591424,0.2453775398074589,0.26370615173106293,0.29780112421114635,0.22729652626621535,0.3215045305348355,0.27405685030070903,0.0026471019972389353,-0.0010875507567076144,-0.0008209844404536726,0.003997884295862298,0.000784940044626537,0.8566668411568623
6,450.52591928939705,297.62688688549724,290.8638906372483,483.6501444413506,470.71538887093243,180.33534588058077,0.36174352886317024,0.18623138073962028,0.3065613789692645,0.3498657205802903,0.39614341079085696,0.3701300274037072,8.464783033166519,0.003997791283958698,0.003999560967792888,0.003845679466789752,0.003969769121155771,0.003995249339230347,0.0039204438288927435,49.83221802088144
5,235.3429565292152,359.2387379617249,234.87189111624411,293.92477852575155,492.74031495613167,0.2545291060883814,0.2717395418889963,0.2609372279651112,0.2510763531762015,0.3371692639876249,0.9328941539086766,0.003608493649714578,-6.255085187122589e-05,0.003905903054655354,0.0038500950070030427,-0.0014430744630989035,1.1502876907594126
6,466.65064432390983,184.57156690481082,224.99495370994327,370.30653314050517,361.06231478649886,369.9748920074336,0.3781688885071949,0.32815293373078336,0.2674604795264457,0.25191177378705115,0.3751150606573294,0.3396358841011319,0.068816862926111,0.0002585200177840169,-0.0006965601474558946,0.0028817344259670762,0.003917645886343693,0.00040982874904552157,0.0004733297312658519,0.8864065151371966
6,411.9131116081072,208.03042888670336,458.884063799255,220.77313286452292,441.3723279951202,445.37881125977435,0.16754695842528708,0.1771940656494527,0.24130225732103805,0.3792105959040459,0.182856967184558,0.19080097629206832,5.611642074276391,0.00398071134524927,0.0005810741124871999,0.0027995232986781074,0.0012008839586266373,0.0038427094660279694,0.003986533840981758,2.0407659717785145
5,324.467322809863,291.27186804841074,473.78169352258385,491.88236164122,169.19257806367412,0.33005401755730224,0.27484981869042846,0.34885553970508576,0.15877739381615807,0.31998917305840635,4.688241925539673,0.003964063837725283,0.003989791489096019,0.0039837689065979585,0.003987001083432843,0.003842425609101825,3.42568694785928
6,310.82055664517617,245.89643374390275,160.51175351389094,414.58435967126394,340.2694862798622,427.781857531141,0.15628943279680235,0.35812444098177443,0.298358002477402,0.35906959874003586,0.3207853742258201,0.3418730155440333,0.6786895685968997,0.003920656572184093,-0.00023479589120105449,-0.001331136449926504,-0.0031209181951446213,0.003789619793464979,-0.0005129839385499064,0.9356262087571561
5,468.20521221875083,347.29132164188536,298.32991513274135,394.17632992245694,470.94257470144345,0.3563852154864553,0.37665038944241663,0.31137176095737196,0.25100014436888973,0.3349007196262507,8.977145919320378,0.00396358264247219,0.003967031279274923,0.003998731308470572,0.003980940494511987,0.003926283156174358,60.09287272007606
6,318.97494708897483,359.9049707228001,413.0208887452183,338.77944190212435,418.9609921297931,242.58176643795224,0.3799884457962532,0.18410423666066023,0.3125465449961026,0.21783584747088927,0.37872092036189375,0.29776689680126733,6.351485233213101,0.003951133431861974,0.0039032619241835954,0.003889377170549173,0.003991596558325816,0.003967532358032781,0.0038851463624825044,15.423807158716015
5,187.9371219912531,474.5436815218724,426.20313593421855,164.32577851670797,161.05424081023423,0.31852370012902353,0.20371431538297397,0.36886543457184995,0.35530098038135294,0.3097852174533561,4.4816883782323655,0.0039626194026364135,0.003972276716746282,0.0039959494667177855,0.0039791871884020955,0.0038984322425266262,19.395531518014465
5,440.4880372293695,322.5639667904609,395.5508794402486,314.5315304220585,291.87645240109686,0.3411988571894802,0.3494025095956933,0.19843674959261198,0.16672660510199,0.33956976582401255,9.15077614900123,0.003937576308168608,0.003829151523039841,0.003998083545681113,0.003910833493680947,0.003939463404705471,57.717859852610026
6,342.3377328543615,296.73095749686104,214.42224531360785,369.65075544998143,418.2040461814094,359.43844547359686,0.3235064128533973,0.34614525809837104,0.3105226859978103,0.20459544280929137,0.34033737866050234,0.3077577401529523,7.658091858450962,0.00392801437709278,0.0039866586641952575,0.003935661844672685,0.003997048350650467,0.0038755006900137914,0.003928138547124869,36.8396161185011
5,417.15523961225443,283.00431691125004,366.1608389392694,278.8024347615742,186.32375460421696,0.3721391160447063,0.3155954620265313,0.28251986836442133,0.209520871395848,0.21909284738263726,3.3531366783716154,0.0039696151643441695,0.003965320012815636,0.003990896304116891,0.00399682970454891,0.003638021654046704,2.6456901673209012
5,345.0876323245317,434.730412230569,434.72760895185746,325.70517953878897,436.84391867725896,0.39437960705803266,0.3159898298306029,0.39998097403164307,0.15217406000221517,0.35784100385444306,8.319904194626991,0.003945934537653565,0.0039997565072846354,0.003931978031452704,0.003973746994498517,0.003956895180889388,53.28603236091174
5,269.73802815019013,199.76000551478452,490.7158534548962,380.69712872259686,164.16970267345968,0.29202652426274317,0.3119228693884631,0.279766045765817,0.3770582003504748,0.3587422812679302,4.395403319202185,0.0039736386579893946,0.003962269331687076,0.003915297501329248,0.003996766175957557,0.003864276832368433,20.311396495135185
6,429.9311906690614,464.48781272461565,175.40118947684718,468.11773513678884,458.79131871723007,175.9771095489324,0.1717035475171328,0.18191480775996133,0.33494324380024787,0.33224635119167084,0.16382015298467642,0.21240978360516088,6.564549768953551,0.0038221427508760876,0.003957536047346559,0.0006092045763547666,0.003899479396079162,0.003986281335585416,0.0025014853847129715,2.49528313079553
6,477.3928897474464,178.88544725807168,259.4807335563818,396.08057348585817,293.32541743605725,226.165763981798,0.3118538039732468,0.3294047800944798,0.23234563419460338,0.34086375020217696,0.287131967438893,0.30818920948635536,2.6943693733821905,0.003946983673215435,0.0032838044438098703,0.003801893697251638,-0.0006478478789795384,0.003915543514978231,0.0037072526055716916,2.485319127103214
5,233.74386957746674,340.5946727132422,325.95832485529183,374.09008065389025,249.03815588550265,0.15761239133344973,0.3375124758434981,0.17551502713915274,0.2813563742617632,0.32004865174118796,1.4702065016647403,0.0036191983348794468,0.0008778803518222606,0.003982467525529497,3.111953651363464e-05,0.003573843033133274,1.0218629720947077
6,419.4355321098669,466.8213934343898,473.961741135671,167.52803943304593,405.26717459774954,402.1935178436256,0.3026675603234741,0.27076384261330294,0.17715619090190274,0.33258144183880517,0.16052194418163138,0.31752255591636824,9.243063883076733,0.00396249252477983,0.003968788869787726,0.003992477740611585,0.0037632206549357916,0.003998594281403823,0.003970812727268918,22.037712628574482
5,289.61623524156755,396.5433309965023,356.49915315038527,328.1363642097134,203.83304284656379,0.18463370817509084,0.3197036099897954,0.24244114122394989,0.19465143334148857,0.16133339919394915,9.79182323225522,0.003876686447735186,0.003998588149573038,0.003994102381424377,0.003997107151765338,0.0037775252882732914,61.155875608135716
6,483.03834607918526,204.16493083099078,224.81872856469408,337.8769364246911,366.38446309336217,199.01237156879478,0.3050200979261592,0.19953586665544512,0.20765248282567536,0.2715103003083009,0.3290219549263924,0.20597205923961623,8.464857043986699,0.0038674497341793525,0.003621861061776176,0.0038262932573807262,0.00395362275669599,0.003923948965549919,0.003954440327767185,46.11312591259684
5,417.2034946848497,217.42438498668838,228.5388615383933,494.00745905928164,498.40390518885124,0.212739824278626,0.383677715666807,0.28798103903141437,0.3389750364623656,0.3744172352656522,8.452859677307586,0.003966787881362624,0.003937319933526009,0.0038796723148607306,0.003984088319944427,0.0039749758105591185,56.01159442839074
6,304.8651772982749,314.9865433957858,294.9234851543034,200.519083339109,397.6824202782368,228.1039020923933,0.18438272843623155,0.16416494710793977,0.38193598968136755,0.23674369995813396,0.27629995258267187,0.35325501461806375,0.9247039121284639,0.003458625926431883,0.0038683208939646976,-0.00213417251145604,4.677948213854144e-05,-0.0015966752235598814,-0.0028347039283247956,0.6335617416345778
6,406.87756647034024,329.42755274677586,418.70350555424545,446.5618487323339,439.8792473657038,226.547581095997,0.28146240183660326,0.313326494454738,0.31207738740372454,0.38953599383949256,0.3180258512000964,0.1784914708411125,9.7410856041759,0.003996551725036402,0.003974836563628336,0.003983221003231816,0.0039754469336028,0.003964138500751475,0.003924562949533346,52.29432161918781
5,161.70957220225682,233.41437709684294,459.7318395624814,247.807804305809,387.0666816637938,0.36223535405193885,0.2357021010755696,0.34372895418259397,0.2836603550672603,0.18175270535585022,3.313323361941962,0.003083073015556288,0.003933153961801351,0.0038658236874074482,0.003941695490272532,0.0039916979541130574,2.42389145139415
6,412.3570500474512,290.4751522414799,162.86026295981932,214.15643829392272,172.13961690294167,391.66474122498806,0.28292161836488666,0.16175553574824286,0.31814079875330786,0.2215207211464528,0.3051053473621358,0.16910554409897782,4.921414849041289,0.003993409722609855,0.003965275382669233,0.0036690475976588555,0.0036273968953188297,0.0038656507349007054,0.003992239319649026,2.254565702303253
6,232.2876754811354,210.41960599167754,253.1700615845965,314.02799617381027,203.3436324970583,431.1601634726575,0.37081613411951786,0.3954303816884953,0.27527294597381374,0.2454359343589668,0.1876187227980249,0.26674837078572033,0.1758023350380855,-0.0008548765725126828,0.0010831349590056517,-0.0014293928518843064,0.003957369641903795,0.003351247748228805,-0.00038538033617945835,0.6770634751862615
5,421.1709259671736,414.7137841614074,355.65195575395705,480.399076125631,235.01816509909514,0.20970525854014335,0.1536249843749493,0.38401732315797865,0.2748226552833616,0.30786748112616413,1.610681731163045,0.0034547463946692815,0.003571774099790738,-0.002752713224246236,-0.0006542153173666787,-0.0005216653366456009,0.8877192739414366
6,333.58741663444874,223.73872575064638,489.15700661707933,323.24652231682785,236.62914026553267,244.7040895406274,0.39608732809192343,0.3034964236540769,0.31379761986399934,0.2672002686501114,0.26855303872021835,0.28115940503869435,2.852324810334311,-0.001246166881438628,0.003915558663511608,0.00395882973075049,0.0027667740219339265,0.0039986324950520204,0.003978910225034128,2.5652521371313854
5,165.35986713403025,230.76849899244985,229.91154437320625,421.5939054231355,260.47931561600797,0.15868932622019746,0.235941231832032,0.38593639550902337,0.36817516025171426,0.33041555137089546,3.327240047827207,0.003982254656576974,0.0039964592753199205,0.003992913360670507,0.003930642745030438,0.0038710031716252856,13.493874630969685
5,297.48746483379057,355.71847754334783,151.9957993650437,208.837647870544,493.09768392392493,0.3198569034718214,0.3542523697068697,0.3264466251555166,0.23439937917243725,0.17301672840184876,1.3084225479646117,-0.0021960685282602396,-0.00016344567118153019,-0.00170143009251514,0.003382773249152978,0.003994350214511795,0.7895599321489442
6,370.79639517139134,177.56736392375257,289.93291970883286,433.8902077913943,400.9681979385542,455.7551698448116,0.3569108963761166,0.34054348360100384,0.34605309364759207,0.2211845958628054,0.35633126615142374,0.21292253901378774,3.5093040651708716,-0.001520995236411424,0.003768937223766281,0.0011191376655263375,0.0039752114940284425,0.003949526668720203,0.0038764860269483972,2.3439488298228888
5,261.24493925776517,319.47846720201426,232.23536036076626,216.83432910058258,487.6176144869333,0.3871173492684721,0.24780022149420336,0.1842054657993957,0.3228218356559224,0.24976530012296708,4.414128856012098,0.00397344783553502,0.003999880746160703,0.0038955875784724026,0.003881823388505289,0.00398776321620578,8.760556670175802
6,192.32607896356114,250.6263493501816,200.97527543844149,418.55001632343675,264.6421314521599,340.19824191290957,0.18162361435852828,0.26917544133945254,0.3699545999669015,0.30245221863030924,0.30354597562846686,0.3810310089689413,5.235545849968881,0.003979500479389603,0.003939617278910766,0.003942966236006024,0.003991609816226247,0.003949969408815839,0.003902911007579246,21.223772835429372
5,255.6452488342049,193.64721818771423,163.7656672806394,362.67066435594455,469.92726470159545,0.2841062471203645,0.230728036002615,0.3514182843730289,0.27725387930647993,0.3671644833595119,2.79936511177423,0.003938567444434271,0.003980607081874434,0.003930440072633415,0.0039459020849172,0.00398440991768066,2.6718694325649226
5,157.59729742176344,174.18741853379885,230.7018619462391,284.9625256509271,419.3527260665366,0.31666089310057577,0.2486099065230854,0.24267245326156586,0.23306568368919728,0.15474899367920664,1.781988780111683,-0.0012443037920552664,0.003786719553027839,0.0038229513271760174,4.382714321008507e-05,0.003829131585521345,0.9697848917247487
6,219.24853478400547,277.04686863441367,448.18917688972357,182.02317612196967,445.27630030774174,462.29108014800914,0.24439423811238273,0.17671021221990585,0.3371567738942185,0.276510193588817,0.18080583014481133,0.31568449977245727,7.310912447113096,0.003929613896089823,0.003862285597943428,0.003976118111711856,0.0036497556903065755,0.0039301868002586185,0.003988009072900758,18.169093939298484
5,280.77394727831404,221.29678129588052,197.7786930667911,443.6302139852545,472.0421236968993,0.1876789939277413,0.2646369231879576,0.39959421728862893,0.2133836167158322,0.2305892969391801,2.0642691523524546,0.00016089187822354134,-0.0004218335448679966,0.0006162660441100315,0.0038750553537313416,0.00395359965327818,1.2157011952351595
5,304.78140127012773,394.11339777974024,481.8624167557688,475.4338094060712,295.6576764122344,0.2487616931780718,0.38795261717592755,0.17391049042932089,0.1543803556830455,0.3749780065173681,0.15194534644162205,-6.478802994618893e-06,-0.0021077367042032532,-0.00023594558553149072,0.003447646328043015,-0.002991783370201253,0.4520584004634458
5,238.20255758890698,425.6047560419182,415.6039415358948,239.60039250357966,189.90703164820252,0.22660898840562524,0.20701678435581813,0.21818310752684036,0.3893378222411895,0.21120101683843984,1.527506435189372,-2.3481172952981022e-05,0.003440828920646587,0.003888908476865646,0.0012577301028594923,0.0002522967582888419,1.060648750280829
5,355.46084048003877,329.9374312463468,383.0551107647732,276.0097483681534,493.7870444378128,0.2996993452675895,0.37247252641717277,0.37731677584696066,0.3960910861733492,0.2520872279394596,4.350328802752113,0.003999375436779881,0.003935428181457054,0.0038797295077224693,0.0039421402111533025,0.003924980639142669,11.311631127722055
6,419.1624260154335,256.5587440071012,190.17031566238805,395.87419737135576,263.91770752798004,241.7027354480553,0.35546290422323773,0.358286463119422,0.34732427253097115,0.2850354460305052,0.39466371653585797,0.23284729075824337,8.450643837604776,0.003972046056291633,0.003990667260625123,0.003946195979968861,0.003976795182867655,0.003935076518419805,0.00399679514015986,61.51943783344287
5,303.01628472286836,167.3280556540257,306.2526045860179,231.04574942626607,327.56640470581067,0.3075220230946588,0.38325138255046676,0.2051455908426022,0.2442737710920259,0.38468516921748186,5.612352849191076,0.0039879541063760834,0.0038611281248581153,0.00395821633243249,0.003784564965001527,0.0038927840227036183,38.5160300145224
5,290.0999326706625,477.93984792664924,190.01298406409802,374.8552874394175,201.75534343981914,0.1647374916788984,0.16461979504589913,0.3429352323427808,0.39668451575412367,0.2752798162407417,5.056924948581882,0.003976780429837429,0.003982197536960487,0.003851753166151072,0.003929564694662961,0.003850906715099847,12.510202580543728
5,421.7120755217133,252.78628057025634,474.9546676375757,425.69767716616377,326.6438626270316,0.24867634083959472,0.264515133725691,0.39135187543960004,0.1700752286359597,0.3461685200799658,6.586847604523776,0.003970472757546125,0.0038435724667319373,0.00389389494596628,0.003943350968319476,0.003860071941204557,23.146035933544564
5,243.13864132783596,221.144121474558,269.2184440431042,172.8959644079774,370.04598194824734,0.21940444054253117,0.21725967614607297,0.17267067120682103,0.1907550279973712,0.37633641161089676,6.82038567455585,0.00397359560401556,0.003953472765941503,0.0039668433364459885,0.0039693557914266655,0.003930456046885054,44.07467597608734
5,335.0507962223876,156.13551290040655,358.28092398053104,279.77456845315794,330.09573630174884,0.34150720876403595,0.16886545866771696,0.187038494064463,0.15202226271115907,0.38767421552385684,0.7115331281120096,-0.0005185552806219313,0.003927395137948958,0.003942304938688475,0.00034257203961985283,-0.0014160895878311353,0.5957111375782284
5,199.4482786403031,425.8417773778985,461.7607449004052,312.8688858863228,225.70377248035203,0.1879702910109286,0.24472607299870405,0.3110063267301977,0.17571823553599092,0.2068388573263272,1.5364848222512084,0.003824820438860137,-0.0010747747512386862,-0.00223420494025374,0.003984564602219902,0.0036075611557694334,0.9100279778896729
6,347.9740592374726,303.1074328913022,233.2080878001945,360.6817507247616,322.10467325335827,175.82089044636328,0.17354926814058655,0.27921696086256753,0.21440036700212461,0.22512872987465,0.26728174911429625,0.23859410759786695,3.168814899395893,0.003541809019477904,0.0037333600492588347,0.003962797456417591,0.0038712802868525486,1.5768052625521056e-05,-1.5164904504311183e-05,1.6282331444140745
5,368.87007544610566,426.5342371764975,376.64062353583836,379.62125927108525,167.49109309198215,0.36057418792364043,0.26746716783450014,0.2789576944771547,0.32019016920664256,0.2502146862044442,1.4580183079016218,0.0012767522957008103,0.003927256378232637,0.0034769298016617003,-0.00234804339033121,0.003926455241673822,1.5371063285684983
5,170.71118585375427,361.00505789887336,408.6602245237303,325.7699588454717,251.7102068158137,0.21795971444652337,0.32623310244927967,0.3579355854494377,0.20607060759779314,0.2336168704029692,2.0621601833621517,0.003924662954800833,0.0031615295678467017,-0.002969712488776362,0.003954322830037217,0.0038752116781440916,1.637510422155177
5,396.6188710268019,418.96234490380573,454.0468476025278,299.29951787501005,407.44249574609137,0.303314779421066,0.29552950589047844,0.21137302037524958,0.24998264143076881,0.3324499261789708,8.101614452882162,0.003918788170057757,0.003888485139700871,0.003993712330627271,0.00392770980800738,0.00393156369588871,35.3132782986071
5,494.89174190685094,396.56749582818725,262.9683420666976,337.76482146570265,472.5844639893899,0.2923410977360591,0.16313973258959938,0.2068159733753072,0.37899441123815847,0.30029233545451717,5.693947036158447,0.0039439214005876555,0.003929479635220985,0.003969082796392508,0.003995397162649821,0.003986118151390704,4.473237599093551
6,347.5144692564264,225.8206512858818,304.7350504908883,293.0403212770552,195.38511539236694,443.8185752958181,0.29336003653337595,0.3083423511288418,0.2324928271306799,0.3243510512720099,0.15978321066442175,0.3076052085697858,2.4568781987128894,-0.0008755564436255776,-0.0009001860928866734,0.003937515818025056,0.003953312996225644,0.0033783469267865984,0.0038086146713179436,1.969163235541546
6,270.1275159346227,339.40005663727584,492.2066113221946,404.42834722587895,397.31826996983807,316.22314540060216,0.16365433051466904,0.31866867728476567,0.19811864381409572,0.19256428088143251,0.3314419072370913,0.3017429980819799,4.45801242284457,0.003958170681643319,-0.002405796661495199,0.003615982023226011,0.003998966244068604,0.0003270952030797042,0.0037845296581198594,1.8579594909982557
6,247.19177520770955,309.9489457300816,318.1871506622199,431.86085757331347,460.8104128080105,344.85803338859944,0.33089297720573324,0.3384684896807032,0.3449881507509438,0.30137454657686347,0.24176638301784145,0.2141072664042055,8.579408040876421,0.003727103086535908,0.003998503116853599,0.003910733274349742,0.0039628287038944755,0.003900410204446988,0.003966621832299325,39.457055819262585
5,498.49537851821896,279.38594653237726,245.06426760448372,340.3363632881526,344.96521073305166,0.3865898270119782,0.28065848483555067,0.3041201696649287,0.33491708423060795,0.22439154327553237,2.494919916921697,0.003984352611099079,0.00392657279336145,0.003925545629134476,-0.0007654120771738629,0.003911912909406846,2.5036439361974323
5,400.78561042946177,157.4586649527109,157.39006641787213,321.4751277275307,369.57444828616076,0.26420496651587855,0.38056974279101546,0.31346124717703283,0.24628146102213333,0.37075277685781394,2.719836262589542,0.003969514396610577,0.003951783093526891,0.003969357864277401,0.0039525280411370845,0.003818453826507109,2.7483950967460364
6,215.38653486768777,256.2000274202083,214.53163764382106,207.89260464508095,438.03611586732046,246.36425949701862,0.18968604184918295,0.24125912217191547,0.3939536458229101,0.32273608808663545,0.17323215001660755,0.27297394550813003,5.649522358495993,0.003991553054187666,0.003935983300870546,0.0038237039606447533,0.0039778130600596,0.0037902626423212417,0.003869723319523227,17.682874144645627
6,458.84979082991225,335.5988732781463,425.5964913239216,458.3302204479182,494.10362507238995,359.0704393857918,0.3886165465050283,0.16243462881372359,0.35569777078543097,0.21512655274066464,0.28538145038201135,0.15513424993975783,0.9436326380037308,0.0008296117211429993,0.0034809289915123964,-0.00016647260835268686,-3.2599087249919336e-05,-0.000780490772986594,0.0030704032627659264,0.6341702575945694
6,456.79696056721485,386.82085779473596,155.0256732932228,169.64822001083718,203.08837015984759,261.3756601028269,0.3629239681096149,0.35555160544082787,0.3679553983832591,0.1568453448812816,0.2169405677537775,0.2842711235086538,9.39689109322891,0.00397160287360261,0.00398776701311743,0.003862717842736413,0.003994725798473201,0.00398956905875411,0.0039843790804529825,72.99358766232697
6,371.3881195988209,151.42043941504633,488.4545565547336,207.78354378295927,215.70617356630711,275.77789781915124,0.17292282758290442,0.3999431915928449,0.38407609425474754,0.39606658894805025,0.3681166061833267,0.26848694433166853,9.553467886261508,0.003956266934395457,0.003840525598203424,0.003938640406169476,0.003946854923667508,0.003902776725449616,0.003930878584066663,76.12556738215474
6,177.54274880967697,334.3256230275734,317.34891312437856,362.7127093565073,364.68649654395796,302.35740086075447,0.36336760637649823,0.3291704706823224,0.37627475998526927,0.18061830518938063,0.3417002855172884,0.24603144585451775,5.677058388211477,0.003939497213993628,0.003969693377877031,0.003949352586910152,0.003983155023269386,0.0039093571954688456,0.003998460528511052,16.715378133710377
6,486.4094211633345,153.27435903880817,483.47914957513683,436.9841412746224,210.31900149124698,468.7254581072712,0.1500650101599436,0.38441792040779177,0.35268802438932645,0.22004627432435678,0.27086126504170255,0.2782092182857823,8.12593395271967,0.0039586305900121575,0.003373155105596377,0.003994954952416007,0.003991032511730421,0.003874176302978567,0.003939115239198296,18.663712889795825
5,446.6836600645483,230.2785585897138,320.02968630265013,400.23690892542965,471.7374910963069,0.21602758034417205,0.3922452023539883,0.16314950155936334,0.35655454380489715,0.3755025380533586,8.149815843813595,0.003959269719150041,0.003944441702360749,0.003972598313546225,0.003985791652285076,0.003979793354593938,45.46929429225742
5,264.11114283113693,223.59583006372583,266.169949453014,277.22266814362484,328.93028981838177,0.3852707523671978,0.267792748403775,0.3833333055986245,0.17262033068074514,0.3564144622525386,3.0322785016685483,0.003910458137241229,0.003975000508034685,0.003813686364481235,0.00396692038074512,0.0039041680468965855,9.146843367343633
6,292.75371951385466,253.43597834222857,173.42454644389403,267.1388023392906,488.59438599990125,389.8418690147995,0.21546221840078555,0.3893989290794927,0.1928288980400244,0.3990242062765146,0.1629877356659879,0.2542765782524543,5.64643907537819,0.003985907527835434,0.0038335076776121147,0.0038091391541686093,0.003931446811087301,0.0039498576781128,0.003977300798680064,4.936047709445588
6,411.2128136505,163.78305335799053,384.4524629514256,326.0660819257826,488.97145111888887,261.53516602873174,0.27304262698422466,0.3642451497289384,0.26120811078246353,0.2762564610749788,0.36841141534496585,0.38881967217768576,0.7023143750727479,-0.00039674839522387483,0.0013210104413848513,0.00383229854244452,0.00393421459817762,-0.0017368790121986362,-0.0024661943834666904,1.1270509658983534
5,184.9154670001763,331.1724466870646,252.4820474802226,375.95431507154274,474.1369982193812,0.3866096501186538,0.2797606731060552,0.21259317220500973,0.33963148659880166,0.3078120679729325,6.140696824987081,0.0038183124768999812,0.00396360134011135,0.003992087231505722,0.003998243207750027,0.003994335748146864,32.49416016235402
5,466.60932158081533,446.78554565792274,164.5851641120878,372.875811194936,161.18206596912597,0.15627352148854362,0.2761937117058556,0.3188437584147754,0.3913383574274151,0.15170261393876625,5.425020144376735,0.003998023479123556,0.0039854909478936355,0.003983375496194664,0.003967821855052871,0.003928574778580119,12.647287152169875
5,414.0809724701233,202.27424838390277,328.88595913943163,171.59024738418702,303.25440943266074,0.2118358556457518,0.19623671534186266,0.34392498839151686,0.35366252762720135,0.21699257683081316,8.477184479594147,0.003982400679324621,0.003975321941875926,0.003981442248241928,0.003926947102402782,0.003970308620858537,58.60346119987619
5,151.1110317240355,159.32899354773596,211.83854474924328,440.4187529760691,178.5330175215448,0.36225928424666987,0.3735992438785789,0.20553336990867327,0.3160844548602747,0.25709196656894723,2.1293009595183032,0.003990515744277327,0.0038929871422683504,0.00381525533080728,0.003957171346191139,0.0039750104391921,3.6769030567593295
5,406.8046783601452,493.8354729537352,193.95303283254185,277.3382450141263,400.32722624636665,0.18618812324531928,0.3252404390686931,0.1626379064806842,0.2877485026810238,0.19768282560950368,3.3054868844284204,0.0037447166914553556,-0.0022090162248331277,0.003865225613207025,0.003219501806299152,0.0037059761027062894,1.556740460976094
